Loan_ID,ApplicantIncome,CoapplicantIncome,LoanAmount,Loan_Amount_Term
LP001002,0.07048855905998763,0.0,0.0,0.75
LP001003,0.05482993197278912,0.03619171046631627,0.18285714285714286,0.75
LP001005,0.0352504638218924,0.0,0.09428571428571429,0.75
LP001006,0.030092764378478663,0.05659154726762186,0.17142857142857143,0.75
LP001008,0.07235621521335807,0.0,0.20142857142857143,0.75
LP001011,0.06514533085961657,0.100703194374445,0.38142857142857145,0.75
LP001013,0.027000618429189858,0.03638370893032856,0.1357142857142857,0.75
LP001014,0.03569573283858998,0.060095519235846113,0.2257142857142857,0.75
LP001018,0.047693259121830554,0.03662370701034392,0.24,0.75
LP001020,0.15696969696969698,0.2632298941608467,0.49857142857142855,0.75
LP001024,0.037724180581323444,0.01679986560107519,0.1,0.75
LP001027,0.02906617192331478,0.04415964672282622,0.15571428571428572,0.75
LP001028,0.03615337043908473,0.19454244366045073,0.2857142857142857,0.75
LP001029,0.021063698206555348,0.0681594547243622,0.16285714285714287,0.75
LP001030,0.014211502782931354,0.026063791489668083,0.024285714285714285,0.25
LP001032,0.05936920222634509,0.0,0.17857142857142858,0.75
LP001034,0.04262213976499691,0.0,0.14285714285714285,0.5
LP001036,0.041558441558441565,0.0,0.10857142857142857,0.75
LP001038,0.05858998144712431,0.0,0.19,0.75
LP001041,0.0303030303030303,0.08399932800537596,0.16428571428571428,0.0
LP001043,0.09288806431663575,0.0,0.14857142857142858,0.75
LP001046,0.07179962894248608,0.13499892000863994,0.45,0.75
LP001047,0.0303030303030303,0.045863633090935274,0.1657142857142857,0.75
LP001050,0.03976499690785405,0.04600763193894449,0.16,0.75
LP001052,0.0441187384044527,0.07019943840449276,0.21571428571428572,0.75
LP001066,0.11638837353123067,0.0,0.27285714285714285,0.75
LP001068,0.032764378478664195,0.05407156742746058,0.1742857142857143,0.75
LP001073,0.050414347557204704,0.024959800321597427,0.15714285714285714,0.75
LP001086,0.01598021026592455,0.0,0.05,0.75
LP001087,0.04452690166975882,0.049991600067199465,0.17142857142857143,0.75
LP001091,0.049672232529375394,0.08085535315717474,0.28714285714285714,0.75
LP001095,0.03731601731601732,0.0,0.10571428571428572,0.75
LP001097,0.05617810760667904,0.0,0.15142857142857144,0.75
LP001098,0.041434755720470014,0.04000767993856049,0.16285714285714287,0.75
LP001100,0.15275200989486704,0.07199942400460796,0.45714285714285713,0.75
LP001106,0.026283240568954855,0.04960760313917489,0.0,0.75
LP001109,0.02075448361162647,0.03191974464204286,0.14285714285714285,0.0
LP001112,0.04350030921459493,0.03501571987424101,0.2057142857142857,0.75
LP001114,0.049672232529375394,0.17303861569107448,0.26285714285714284,0.75
LP001116,0.04450216450216451,0.04003167974656203,0.15714285714285714,0.75
LP001119,0.04267161410018554,0.0,0.11428571428571428,0.75
LP001120,0.020408163265306124,0.029111767105863152,0.06714285714285714,0.75
LP001123,0.027829313543599257,0.0,0.10714285714285714,0.75
LP001131,0.04688930117501547,0.056063551491588065,0.19142857142857142,0.75
LP001136,0.056215213358070504,0.0,0.13714285714285715,0.0
LP001137,0.04032158317872604,0.0,0.12571428571428572,0.0
LP001138,0.06801484230055659,0.0,0.06285714285714286,0.75
LP001144,0.07014223871366729,0.0,0.2057142857142857,0.75
LP001146,0.03085961657390229,0.0825593395252838,0.17142857142857143,0.75
LP001151,0.04761904761904762,0.05459956320349437,0.2057142857142857,0.75
LP001155,0.021991341991341992,0.039455684354525164,0.14285714285714285,0.75
LP001157,0.03631416202844775,0.0,0.17142857142857143,0.75
LP001164,0.050463821892393325,0.0,0.16,0.75
LP001179,0.055238095238095246,0.0,0.19142857142857142,0.75
LP001186,0.14038342609771182,0.0,0.4085714285714286,0.75
LP001194,0.03163883735312307,0.0280077759377925,0.13857142857142857,0.75
LP001195,0.02451453308596166,0.038183694530443756,0.13714285714285715,0.75
LP001197,0.03977736549165121,0.05279957760337917,0.19285714285714287,0.75
LP001198,0.09808286951144093,0.05399956800345597,0.2571428571428571,0.75
LP001199,0.03966604823747681,0.06861545107639139,0.2057142857142857,0.75
LP001205,0.02906617192331478,0.09110327117383062,0.17142857142857143,0.75
LP001206,0.0356091527520099,0.0,0.14142857142857143,0.75
LP001207,0.030414347557204704,0.08277533779729762,0.2357142857142857,0.375
LP001213,0.059307359307359316,0.0,0.0,0.75
LP001222,0.049672232529375394,0.0,0.1657142857142857,0.75
LP001225,0.06896722325293754,0.11027911776705786,0.36857142857142855,0.75
LP001228,0.037724180581323444,0.05409556723546212,0.18,0.375
LP001233,0.1311069882498454,0.0,0.44571428571428573,0.75
LP001238,0.08596165739022882,0.0,0.17857142857142858,0.125
LP001241,0.05132962275819419,0.0,0.19428571428571428,0.75
LP001243,0.037823129251700685,0.07358341133270933,0.24571428571428572,0.75
LP001245,0.021335807050092765,0.044999640002879975,0.13857142857142857,0.75
LP001248,0.041434755720470014,0.0,0.11571428571428571,0.625
LP001250,0.05695732838589982,0.0,0.1357142857142857,0.0
LP001253,0.06327767470624614,0.042575659394724845,0.2671428571428571,0.75
LP001255,0.04452690166975882,0.0,0.16142857142857142,1.0
LP001256,0.04452690166975882,0.11399908800729594,0.25142857142857145,0.75
LP001259,0.010513296227581943,0.07252741978064176,0.15714285714285714,0.75
LP001263,0.03731601731601732,0.09599923200614395,0.2571428571428571,0.625
LP001264,0.03936920222634509,0.05198358413132695,0.18571428571428572,0.75
LP001265,0.04571428571428572,0.0,0.15857142857142856,0.75
LP001266,0.02776747062461348,0.0,0.0,0.75
LP001267,0.01518862090290662,0.04514363885088919,0.23857142857142857,0.75
LP001273,0.07235621521335807,0.05399956800345597,0.37857142857142856,0.75
LP001275,0.04747062461348176,0.0,0.07142857142857142,0.5
LP001279,0.02740878169449598,0.06074351405188758,0.19428571428571428,0.75
LP001280,0.03936920222634509,0.047999616003071975,0.14142857142857143,0.75
LP001282,0.02906617192331478,0.05083159334725322,0.14857142857142858,0.75
LP001289,0.10409400123685839,0.0,0.3,0.75
LP001310,0.06858379715522572,0.10000719994240047,0.25,0.75
LP001316,0.03473098330241188,0.06959944320445437,0.18714285714285714,0.75
LP001318,0.07544836116264687,0.1356949144406845,0.26857142857142857,0.375
LP001319,0.03862708719851578,0.0436796505627955,0.11571428571428571,0.75
LP001322,0.04926406926406927,0.0,0.1742857142857143,0.75
LP001325,0.04291898577612864,0.0,0.03571428571428571,0.25
LP001326,0.08202844774273346,0.0,0.0,0.75
LP001327,0.028868274582560298,0.05524755801953585,0.1957142857142857,0.75
LP001333,0.0225974025974026,0.02392780857753138,0.07142857142857142,0.75
LP001334,0.04994434137291281,0.0,0.16428571428571428,0.375
LP001343,0.01990105132962276,0.08498332013343893,0.18714285714285714,0.75
LP001345,0.05118119975262833,0.07831137350901193,0.19,0.375
LP001349,0.05804576376004948,0.09134326925384598,0.21571428571428572,0.75
LP001350,0.16697588126159554,0.0,0.0,0.75
LP001356,0.05568336425479283,0.08599131206950344,0.0,0.75
LP001357,0.04534322820037106,0.018095855233158136,0.22857142857142856,0.75
LP001367,0.03589363017934447,0.024719802241582066,0.14285714285714285,0.75
LP001369,0.13935683364254794,0.027023783809729522,0.32142857142857145,0.75
LP001370,0.08884353741496599,0.0,0.17142857142857143,0.75
LP001379,0.04514533085961658,0.08639930880552955,0.30857142857142855,0.75
LP001384,0.023760049474335188,0.018095855233158136,0.13428571428571429,1.0
LP001385,0.0638961038961039,0.0,0.19428571428571428,0.75
LP001387,0.034372294372294374,0.05599155206758346,0.19857142857142857,0.75
LP001391,0.042325293753865185,0.09873521011831905,0.21714285714285714,0.0
LP001392,0.0903030303030303,0.0,0.0,0.75
LP001398,0.060606060606060615,0.0,0.16857142857142857,0.75
LP001401,0.17851576994434137,0.0,0.2642857142857143,0.375
LP001404,0.03731601731601732,0.054791561667506664,0.22,0.75
LP001405,0.025528756957328386,0.03355173158614731,0.12142857142857143,0.75
LP001421,0.06701298701298701,0.051407588739290085,0.25,0.75
LP001422,0.12687693259121832,0.0,0.37,0.75
LP001426,0.06823747680890538,0.06400748794009647,0.2571428571428571,0.75
LP001430,0.049672232529375394,0.0,0.06285714285714286,0.75
LP001431,0.024576376004947435,0.21551827585379318,0.1957142857142857,0.75
LP001432,0.034718614718614725,0.0,0.11571428571428571,0.75
LP001439,0.05132962275819419,0.04833561331509348,0.27714285714285714,0.75
LP001443,0.04380952380952381,0.0,0.13285714285714287,0.75
LP001448,0.2925541125541126,0.0,0.5285714285714286,0.75
LP001449,0.04594928880643167,0.03935968512251902,0.0,0.75
LP001451,0.1281756338899196,0.09239926080591356,0.22857142857142856,0.375
LP001465,0.07334570191713048,0.06165550675594595,0.26,0.75
LP001469,0.247569573283859,0.0,0.9285714285714286,1.0
LP001473,0.02305504019789734,0.04629562963496292,0.10571428571428572,0.75
LP001478,0.03176252319109463,0.0,0.1,0.75
LP001482,0.040927643784786645,0.0,0.03571428571428571,0.25
LP001487,0.05868893011750155,0.0,0.1457142857142857,0.75
LP001488,0.04761904761904762,0.1859985120119039,0.4142857142857143,0.75
LP001489,0.05482993197278912,0.0,0.12,0.75
LP001491,0.03915893630179345,0.08399932800537596,0.12571428571428572,0.75
LP001492,0.18366110080395795,0.0,0.3457142857142857,0.75
LP001493,0.05009276437847867,0.03431972544219646,0.18428571428571427,0.75
LP001497,0.06050711193568337,0.049991600067199465,0.2642857142857143,0.75
LP001498,0.06514533085961657,0.0,0.24,0.75
LP001504,0.08410636982065553,0.0,0.25,0.375
LP001507,0.03151515151515152,0.0488156094751242,0.1742857142857143,0.75
LP001508,0.1435621521335807,0.0,0.2671428571428571,0.375
LP001514,0.026963512677798392,0.10766313869489044,0.14285714285714285,0.75
LP001516,0.1820160791589363,0.0,0.1,0.75
LP001518,0.017167594310451454,0.03419972640218878,0.04285714285714286,0.75
LP001519,0.12183055040197897,0.03998368013055895,0.32142857142857145,0.75
LP001520,0.05825602968460112,0.01991984064127487,0.17857142857142858,0.75
LP001528,0.07578231292517007,0.0,0.16857142857142857,0.75
LP001529,0.03001855287569573,0.08999928000575995,0.21714285714285714,0.75
LP001531,0.11151515151515151,0.0,0.3485714285714286,0.75
LP001532,0.026357452071737786,0.0,0.16142857142857142,0.75
LP001535,0.03839208410636982,0.0,0.07142857142857142,0.75
LP001536,0.4928756957328386,0.0,0.8571428571428571,0.375
LP001541,0.07235621521335807,0.0,0.22857142857142856,0.75
LP001543,0.11611626468769326,0.0,0.2671428571428571,0.75
LP001546,0.035003092145949294,0.049991600067199465,0.17142857142857143,0.75
LP001552,0.05482993197278912,0.13499892000863994,0.36428571428571427,0.75
LP001560,0.021187384044526903,0.024983800129598964,0.14,0.75
LP001562,0.09626468769325912,0.0,0.39285714285714285,0.75
LP001565,0.036351267779839214,0.030719754241966064,0.17285714285714285,0.75
LP001570,0.04968460111317255,0.03472772217822257,0.2257142857142857,0.75
LP001572,0.1134570191713049,0.0,0.10714285714285714,0.375
LP001574,0.04399505256648114,0.07598339213286294,0.26,0.0
LP001577,0.05482993197278912,0.0,0.16,0.75
LP001578,0.028311688311688312,0.07999136006911944,0.18428571428571427,0.75
LP001579,0.025813234384662955,0.0,0.09,1.0
LP001580,0.09709338280766852,0.0,0.2857142857142857,0.75
LP001581,0.020655534941249228,0.042455660354717165,0.1357142857142857,0.75
LP001585,0.6383797155225727,0.0,1.0,0.625
LP001586,0.04170686456400743,0.0,0.11571428571428571,0.375
LP001594,0.06874458874458875,0.13499892000863994,0.2671428571428571,0.75
LP001603,0.05187384044526902,0.017663858689130486,0.12428571428571429,0.75
LP001606,0.04139764996907855,0.04713562291501668,0.1657142857142857,0.75
LP001608,0.023438466295609153,0.03885568915448676,0.1442857142857143,0.75
LP001610,0.06636982065553494,0.2711978304173567,0.7071428571428572,0.75
LP001616,0.04452690166975882,0.0,0.1657142857142857,0.75
LP001630,0.027000618429189858,0.03482372141022872,0.1457142857142857,1.0
LP001633,0.07730364873222016,0.17399860801113592,0.2571428571428571,0.75
LP001634,0.02184291898577613,0.1215110279117767,0.09571428571428571,0.75
LP001636,0.05504019789734076,0.0,0.10428571428571429,0.375
LP001637,0.4167717996289425,0.0,0.37142857142857144,0.75
LP001639,0.042980828695114416,0.0,0.15428571428571428,0.75
LP001640,0.4823376623376624,0.11399908800729594,0.17142857142857143,0.75
LP001641,0.025083487940630797,0.0,0.09428571428571429,0.625
LP001643,0.02761904761904762,0.05131158950728394,0.08285714285714285,0.75
LP001644,0.006481137909709338,0.12710298317613458,0.24,0.75
LP001647,0.11351886209029066,0.0,0.26857142857142857,0.375
LP001653,0.05856524427953,0.0,0.06857142857142857,0.75
LP001656,0.14656771799628943,0.0,0.2342857142857143,0.75
LP001657,0.0727643784786642,0.0,0.22857142857142856,0.75
LP001658,0.04586270871985158,0.0,0.10857142857142857,0.75
LP001664,0.049981447124304273,0.0,0.17142857142857143,0.75
LP001665,0.0367965367965368,0.061991504067967454,0.24285714285714285,0.75
LP001666,0.10121212121212121,0.08999928000575995,0.2671428571428571,0.75
LP001669,0.02173160173160173,0.05675954592363261,0.17142857142857143,0.0
LP001671,0.04039579468150897,0.06758345933232535,0.16142857142857142,0.75
LP001673,0.1341991341991342,0.0,0.11857142857142858,0.75
LP001674,0.0303030303030303,0.05999952000383997,0.12857142857142856,0.75
LP001677,0.059035250463821895,0.0,0.23714285714285716,0.75
LP001682,0.04752009894867038,0.0,0.0,0.375
LP001688,0.041434755720470014,0.025991792065663474,0.19285714285714287,0.75
LP001691,0.04659245516388374,0.0,0.17714285714285713,0.75
LP001692,0.05266542980828696,0.0,0.17142857142857143,0.75
LP001693,0.03826839826839827,0.0,0.11428571428571428,0.75
LP001698,0.047309833024118744,0.06074351405188758,0.07857142857142857,0.75
LP001699,0.028806431663574522,0.0,0.08428571428571428,0.75
LP001702,0.04042053184910328,0.0,0.18142857142857144,0.75
LP001708,0.12183055040197897,0.0,0.3057142857142857,0.75
LP001711,0.040568954854669145,0.029999760001919985,0.18285714285714286,0.75
LP001713,0.09445887445887446,0.0,0.34285714285714286,0.75
LP001715,0.06868274582560296,0.0,0.18571428571428572,0.75
LP001716,0.037390228818800254,0.07250341997264022,0.1957142857142857,0.75
LP001720,0.04576376004947434,0.023591811265509875,0.14285714285714285,0.75
LP001722,0.0,0.04319965440276478,0.19285714285714287,0.75
LP001726,0.04424242424242425,0.042599659202726375,0.18714285714285714,0.75
LP001732,0.05998763141620285,0.0,0.10285714285714286,0.75
LP001734,0.051119356833642556,0.057191542467660256,0.18142857142857144,0.75
LP001736,0.025615337043908473,0.0,0.08571428571428572,0.75
LP001743,0.04773036487322202,0.041207670338637294,0.1657142857142857,0.75
LP001744,0.0348917748917749,0.06698346413228694,0.2057142857142857,0.75
LP001749,0.09187384044526901,0.024239806081551348,0.25,0.0
LP001750,0.07544836116264687,0.0,0.18285714285714286,0.75
LP001751,0.0383426097711812,0.0,0.24285714285714285,0.75
LP001754,0.05670995670995672,0.0,0.19714285714285715,0.75
LP001758,0.07544836116264687,0.0406796745626035,0.3,0.75
LP001760,0.056994434137291286,0.0,0.2257142857142857,1.0
LP001761,0.07730364873222016,0.0,0.2857142857142857,0.75
LP001765,0.028954854669140384,0.04929560563515492,0.14857142857142858,0.75
LP001768,0.04410636982065554,0.0,0.06,0.375
LP001770,0.03758812615955474,0.062351501187990495,0.17142857142857143,0.0
LP001776,0.10121212121212121,0.0,0.4,0.75
LP001778,0.037167594310451454,0.042695658434732525,0.2,0.75
LP001784,0.06617192331478046,0.030239758081935346,0.24285714285714285,0.75
LP001786,0.06921459492888064,0.0,0.36428571428571427,0.75
LP001788,0.040977118119975266,0.0,0.1742857142857143,0.75
LP001790,0.04529375386518244,0.0,0.16,0.75
LP001792,0.039146567717996295,0.0,0.13714285714285715,0.75
LP001798,0.07011750154607298,0.11999904000767994,0.17142857142857143,0.75
LP001800,0.029189857761286332,0.047591619267045866,0.2,0.375
LP001806,0.034817563388991966,0.13682290541675668,0.22142857142857142,0.125
LP001807,0.07544836116264687,0.031199750401996785,0.15428571428571428,0.75
LP001811,0.04027210884353742,0.10600715194278446,0.1757142857142857,0.75
LP001813,0.07297464440321583,0.10399116807065543,0.17142857142857143,0.375
LP001814,0.11815708101422387,0.0,0.16,0.75
LP001819,0.07987631416202845,0.0,0.1957142857142857,0.375
LP001824,0.03379097093382808,0.044231646146830825,0.1757142857142857,1.0
LP001825,0.02051948051948052,0.044831641346869226,0.12857142857142856,0.75
LP001835,0.018775510204081632,0.093359253125975,0.28714285714285714,0.75
LP001836,0.04053184910327768,0.0,0.19714285714285715,0.75
LP001841,0.030092764378478663,0.052007583939328486,0.14857142857142858,0.75
LP001843,0.031057513914656772,0.17042263661890705,0.3985714285714286,0.375
LP001844,0.19913419913419914,0.0,0.2742857142857143,0.75
LP001846,0.03627705627705628,0.0,0.36428571428571427,0.75
LP001849,0.07291280148423006,0.0,0.16428571428571428,0.75
LP001854,0.06307977736549165,0.0,0.13428571428571429,0.75
LP001859,0.1797526283240569,0.050399596803225574,0.4342857142857143,0.75
LP001864,0.05913419913419914,0.0,0.18285714285714286,0.75
LP001865,0.07338280766852195,0.10199918400652795,0.4714285714285714,0.75
LP001868,0.02362399505256648,0.053015575875392996,0.19142857142857142,0.75
LP001870,0.04119975262832406,0.0,0.22142857142857142,0.075
LP001871,0.08719851576994435,0.0,0.17142857142857143,0.75
LP001872,0.062040816326530614,0.0,0.18285714285714286,0.75
LP001875,0.04879406307977737,0.08272733818129455,0.21571428571428572,0.75
LP001877,0.05637600494743353,0.033287733698130414,0.21428571428571427,0.75
LP001882,0.051737786023500314,0.043463652290781675,0.22857142857142856,0.75
LP001883,0.04042053184910328,0.0,0.19285714285714287,0.75
LP001884,0.03371675943104515,0.03743970048239614,0.12857142857142856,0.75
LP001888,0.038181818181818185,0.0,0.04285714285714286,0.75
LP001891,0.13600494743351887,0.0,0.19428571428571428,0.75
LP001892,0.03318491032776748,0.04456764345885233,0.18,0.75
LP001894,0.03055040197897341,0.0533515731874145,0.21428571428571427,0.75
LP001896,0.0463821892393321,0.0,0.12857142857142856,0.75
LP001900,0.03215831787260359,0.04420764633882929,0.16428571428571428,0.75
LP001903,0.04753246753246754,0.07857537139702882,0.2957142857142857,0.75
LP001904,0.036524427952999386,0.031199750401996785,0.11428571428571428,0.75
LP001907,0.17851576994434137,0.0,0.6228571428571429,0.75
LP001908,0.04885590599876315,0.0,0.17714285714285713,0.75
LP001910,0.048274582560296854,0.058223534211726304,0.2257142857142857,0.75
LP001914,0.04671614100185529,0.01919984640122879,0.16,0.75
LP001915,0.026604823747680893,0.023659010435116513,0.11142857142857143,0.375
LP001917,0.02054421768707483,0.03998368013055895,0.07714285714285714,0.75
LP001922,0.2537662337662338,0.0,0.0,0.75
LP001924,0.03720470006184293,0.07327141382868937,0.12714285714285714,0.75
LP001925,0.0303030303030303,0.041207670338637294,0.14142857142857143,0.625
LP001926,0.043957946815089674,0.047999616003071975,0.17142857142857143,0.75
LP001931,0.04915275200989487,0.0,0.16428571428571428,0.75
LP001935,0.1157452071737786,0.0,0.2671428571428571,0.75
LP001936,0.03617810760667904,0.05798353613171095,0.19857142857142857,0.75
LP001938,0.05256648113790972,0.0,0.18142857142857144,0.75
LP001940,0.037142857142857144,0.03743970048239614,0.19142857142857142,0.75
LP001945,0.06514533085961657,0.0,0.2042857142857143,1.0
LP001947,0.02761904761904762,0.08001535987712098,0.24571428571428572,0.75
LP001949,0.0527643784786642,0.029999760001919985,0.15714285714285714,0.75
LP001953,0.0831787260358689,0.0,0.2857142857142857,0.75
LP001954,0.055856524427953004,0.0,0.19285714285714287,0.75
LP001955,0.05998763141620285,0.060983512131902944,0.21571428571428572,1.0
LP001963,0.02305504019789734,0.07019943840449276,0.16142857142857142,0.75
LP001964,0.020408163265306124,0.07041543667650658,0.13285714285714287,0.75
LP001972,0.033704390847247995,0.04199966400268798,0.15,0.75
LP001974,0.05998763141620285,0.0,0.18857142857142858,0.75
LP001977,0.018243661100803957,0.04327165382676939,0.13714285714285715,0.75
LP001978,0.04761904761904762,0.05999952000383997,0.2,0.75
LP001990,0.022881880024737167,0.0,0.0,0.75
LP001993,0.04467532467532468,0.03998368013055895,0.19285714285714287,0.75
LP001994,0.027829313543599257,0.044711642306861546,0.14857142857142858,0.75
LP001996,0.24839826839826842,0.0,0.6857142857142857,0.75
LP001998,0.09297464440321583,0.0,0.2642857142857143,0.75
LP002002,0.03422387136672851,0.0,0.12,0.75
LP002004,0.03434755720470006,0.05771953824369405,0.15857142857142856,0.75
LP002006,0.029152752009894867,0.0,0.08,0.75
LP002008,0.06921459492888064,0.0,0.2057142857142857,0.175
LP002024,0.02873222016079159,0.044231646146830825,0.22714285714285715,0.75
LP002031,0.040185528756957335,0.03935968512251902,0.15857142857142856,0.375
LP002035,0.0441187384044527,0.0,0.17142857142857143,0.75
LP002036,0.02359925788497217,0.0512155902752778,0.12571428571428572,0.75
LP002043,0.041941867656153375,0.0,0.16,0.75
LP002050,0.12183055040197897,0.0,0.22142857142857142,0.75
LP002051,0.027829313543599257,0.052007583939328486,0.16428571428571428,0.75
LP002053,0.05184910327767471,0.004535963712290302,0.17714285714285713,0.75
LP002054,0.04268398268398269,0.03815969472244222,0.0,0.75
LP002055,0.03730364873222017,0.07163942688458493,0.18857142857142858,0.75
LP002065,0.1836734693877551,0.0,0.42857142857142855,0.75
LP002067,0.1053308596165739,0.11959104327165383,0.5371428571428571,0.75
LP002068,0.058961038961038964,0.0,0.18571428571428572,0.75
LP002082,0.07010513296227582,0.05183958528331773,0.26285714285714284,0.75
LP002086,0.051737786023500314,0.058823529411764705,0.15714285714285714,0.75
LP002087,0.02906617192331478,0.0,0.09571428571428571,0.75
LP002097,0.052368583797155234,0.04303165574675403,0.16714285714285715,0.75
LP002098,0.03444650587507731,0.0,0.14,0.75
LP002100,0.03318491032776748,0.0,0.10142857142857142,0.75
LP002101,0.7815337043908472,0.0,0.7,0.375
LP002103,0.11976499690785405,0.043991648066815464,0.26,0.375
LP002106,0.06620902906617192,0.10775913792689659,0.1,0.0
LP002110,0.06307977736549165,0.016511867905056758,0.22857142857142856,0.75
LP002112,0.02906617192331478,0.11039911680706554,0.25142857142857145,0.75
LP002113,0.02077922077922078,0.0,0.0,0.75
LP002114,0.04959802102659246,0.0,0.10142857142857142,0.75
LP002115,0.0308843537414966,0.03808769529843761,0.24714285714285714,0.75
LP002116,0.027557204700061844,0.0,0.06571428571428571,0.75
LP002119,0.05447124304267162,0.02949576403388773,0.2257142857142857,0.75
LP002126,0.037390228818800254,0.0,0.10571428571428572,0.75
LP002128,0.030092764378478663,0.055919552643578854,0.17857142857142858,0.75
LP002129,0.029053803339517625,0.05899152806777546,0.22857142857142856,0.75
LP002130,0.04171923314780458,0.07751937984496124,0.21714285714285714,0.75
LP002131,0.03627705627705628,0.052031583747330024,0.18,0.75
LP002137,0.07647495361781076,0.10999112007103944,0.37,0.75
LP002138,0.030612244897959186,0.14999880000959992,0.2671428571428571,0.75
LP002139,0.11048855905998764,0.0,0.32571428571428573,0.75
LP002140,0.10636982065553495,0.10000719994240047,0.44,0.75
LP002141,0.031119356833642548,0.049991600067199465,0.1357142857142857,0.75
LP002142,0.06617192331478046,0.0,0.15,0.75
LP002143,0.02811379097093383,0.012119903040775674,0.18571428571428572,0.75
LP002144,0.045306122448979594,0.0,0.1657142857142857,0.375
LP002149,0.10121212121212121,0.07600739194086448,0.2357142857142857,0.75
LP002151,0.04607297464440322,0.0,0.09571428571428571,0.75
LP002158,0.0352504638218924,0.03998368013055895,0.14285714285714285,1.0
LP002160,0.062053184910327776,0.07600739194086448,0.2857142857142857,0.75
LP002161,0.056561533704390855,0.0,0.11571428571428571,0.75
LP002170,0.05998763141620285,0.08800729594163247,0.33714285714285713,0.75
LP002175,0.056895485466914045,0.05599155206758346,0.18571428571428572,0.75
LP002178,0.035411255411255414,0.07279141766865865,0.1357142857142857,0.625
LP002180,0.08252319109461967,0.0,0.20142857142857143,0.75
LP002181,0.0750278293135436,0.0,0.19,0.75
LP002187,0.02906617192331478,0.0,0.13714285714285715,1.0
LP002188,0.0615213358070501,0.0,0.17714285714285713,0.0
LP002190,0.07637600494743352,0.0,0.25,0.75
LP002191,0.24217687074829933,0.12638298893608851,0.8142857142857143,0.75
LP002194,0.19306122448979593,0.0,0.07857142857142857,0.75
LP002197,0.06227581941867657,0.0,0.22142857142857142,0.75
LP002201,0.1134570191713049,0.18895048839609282,0.5428571428571428,0.625
LP002205,0.036017316017316024,0.04768761849905201,0.15857142857142856,0.375
LP002209,0.032331478045763765,0.03501571987424101,0.15714285714285714,0.75
LP002211,0.05772418058132345,0.02215182278541772,0.17142857142857143,0.375
LP002219,0.10636982065553495,0.11990304077567379,0.18571428571428572,0.75
LP002223,0.051453308596165745,0.0,0.18571428571428572,0.75
LP002224,0.03610389610389611,0.0,0.10142857142857142,1.0
LP002225,0.06482374768089054,0.0,0.18571428571428572,0.75
LP002226,0.03936920222634509,0.05999952000383997,0.18285714285714286,0.75
LP002229,0.07162646876932591,0.1015671874625003,0.4228571428571429,0.75
LP002231,0.07235621521335807,0.0,0.22285714285714286,0.75
LP002234,0.08679035250463822,0.0,0.18285714285714286,0.75
LP002236,0.05461966604823748,0.0,0.14285714285714285,0.75
LP002237,0.04350030921459493,0.0,0.16142857142857142,0.375
LP002239,0.027161410018552875,0.03839969280245758,0.18857142857142858,0.75
LP002243,0.03537414965986395,0.07526339789281686,0.0,0.75
LP002244,0.027000618429189858,0.05800753593971248,0.19428571428571428,0.75
LP002250,0.0660235003092146,0.0,0.17857142857142858,0.75
LP002255,0.11152752009894867,0.0,0.2642857142857143,0.75
LP002262,0.11569573283858998,0.0,0.39285714285714285,0.75
LP002263,0.030092764378478663,0.050759593923248615,0.17142857142857143,0.75
LP002265,0.02279529993815708,0.03899968800249598,0.16142857142857142,0.375
LP002266,0.03648732220160792,0.03359973120215038,0.16142857142857142,0.75
LP002272,0.03866419294990724,0.011615907072743419,0.19285714285714287,0.75
LP002277,0.03747680890538034,0.0,0.10142857142857142,0.75
LP002281,0.03565862708719852,0.03501571987424101,0.1357142857142857,0.75
LP002284,0.04640692640692641,0.03998368013055895,0.15571428571428572,0.75
LP002287,0.016697588126159554,0.04319965440276478,0.14714285714285713,0.75
LP002288,0.03387755102040817,0.0,0.06428571428571428,0.375
LP002296,0.03222016079158937,0.0,0.09285714285714286,0.625
LP002297,0.02906617192331478,0.47999616003071977,0.14714285714285713,0.75
LP002300,0.022424242424242423,0.0,0.07571428571428572,0.75
LP002301,0.09017934446505875,0.0,0.27714285714285714,0.75
LP002305,0.05438466295609153,0.0,0.16428571428571428,0.75
LP002308,0.02494743351886209,0.05759953920368637,0.16428571428571428,0.75
LP002314,0.02551638837353123,0.0,0.09428571428571429,0.75
LP002315,0.10080395794681508,0.0,0.21714285714285714,0.625
LP002317,1.0000000000000002,0.0,0.5142857142857142,0.75
LP002318,0.04597402597402598,0.0,0.08857142857142856,0.75
LP002319,0.0755225726654298,0.0,0.22857142857142856,0.75
LP002328,0.07354359925788498,0.0,0.31142857142857144,0.75
LP002332,0.02601113172541744,0.04879160966712266,0.15714285714285714,0.75
LP002335,0.024724799010513297,0.07768737850097199,0.2542857142857143,0.75
LP002337,0.03518862090290662,0.0,0.08571428571428572,0.75
LP002341,0.0303030303030303,0.0,0.22857142857142856,0.75
LP002342,0.017934446505875078,0.47999616003071977,0.3414285714285714,0.75
LP002345,0.010822510822510824,0.06655146758825929,0.16,0.75
LP002347,0.03829313543599258,0.034007727938176496,0.19714285714285715,0.75
LP002348,0.07024118738404453,0.0,0.19714285714285715,0.75
LP002357,0.03178726035868894,0.0,0.11428571428571428,0.0
LP002361,0.020655534941249228,0.04125566995464036,0.14285714285714285,0.75
LP002362,0.0878169449598021,0.04000767993856049,0.15714285714285714,0.0
LP002364,0.1821892393320965,0.0,0.13714285714285715,0.75
LP002366,0.031119356833642548,0.10319917440660475,0.17285714285714285,0.75
LP002367,0.055114409400123694,0.0,0.11571428571428571,0.75
LP002368,0.07155225726654298,0.0,0.19,0.75
LP002369,0.03426097711811998,0.0003868769251445988,0.12428571428571429,0.75
LP002370,0.03175015460729747,0.0,0.08571428571428572,0.375
LP002377,0.10481137909709339,0.0,0.21428571428571427,0.75
LP002379,0.07854050711193568,0.0,0.15,0.75
LP002386,0.1574025974025974,0.0,0.5785714285714286,0.75
LP002387,0.02813852813852814,0.056159550723594215,0.2042857142857143,0.75
LP002390,0.04452690166975882,0.0,0.14285714285714285,0.75
LP002393,0.12241187384044527,0.0,0.0,0.5
LP002398,0.021966604823747682,0.04442364461084311,0.07142857142857142,0.75
LP002401,0.02551638837353123,0.026999784001727985,0.0,0.75
LP002403,0.12697588126159556,0.0,0.2671428571428571,0.75
LP002407,0.08648113790970934,0.0,0.19714285714285715,0.75
LP002408,0.04341372912801485,0.12153502771977824,0.2671428571428571,0.75
LP002409,0.09586889301175015,0.043991648066815464,0.2571428571428571,0.75
LP002418,0.05636363636363637,0.04783161734706123,0.21142857142857144,0.75
LP002422,0.46467532467532474,0.0,0.21714285714285714,0.75
LP002424,0.08884353741496599,0.19999040007679939,0.25,0.625
LP002429,0.04101422387136673,0.029039767681858546,0.18571428571428572,0.75
LP002434,0.05568336425479283,0.0,0.15714285714285714,0.75
LP002435,0.041917130488559065,0.033023735810113516,0.07857142857142857,0.75
LP002443,0.039455782312925174,0.04103967168262654,0.21428571428571427,0.75
LP002444,0.03239332096474954,0.03700770393836849,0.2714285714285714,0.75
LP002446,0.026703772418058134,0.030119759041927666,0.17857142857142858,0.75
LP002447,0.022362399505256647,0.0349437204502364,0.08571428571428572,0.625
LP002448,0.046975881261595555,0.041591667266661865,0.21285714285714286,0.75
LP002449,0.028855905998763143,0.059183526531787746,0.12857142857142856,0.375
LP002453,0.0857761286332715,0.0,0.12,0.75
LP002455,0.04587507730364874,0.0,0.13714285714285715,0.75
LP002459,0.05134199134199135,0.0,0.16857142857142857,0.75
LP002467,0.044007421150278295,0.06165550675594595,0.24714285714285714,0.75
LP002472,0.05199752628324057,0.0,0.19428571428571428,0.75
LP002473,0.10122448979591837,0.0,0.22857142857142856,0.75
LP002478,0.023908472479901053,0.09799121607027143,0.22857142857142856,0.75
LP002484,0.09387755102040816,0.0,0.18285714285714286,0.375
LP002487,0.035435992578849725,0.052511579907360745,0.21857142857142858,0.75
LP002489,0.0623500309214595,0.0,0.18857142857142858,0.75
LP002493,0.049672232529375394,0.0,0.14,0.75
LP002494,0.07235621521335807,0.0,0.2,0.75
LP002500,0.03459492888064317,0.039935680514555885,0.1,0.375
LP002501,0.20460111317254176,0.0,0.15714285714285714,0.75
LP002502,0.0007421150278293135,0.07000743994048048,0.14,0.75
LP002505,0.051737786023500314,0.058823529411764705,0.15714285714285714,0.75
LP002515,0.04081632653061225,0.049895600835193316,0.23142857142857143,0.75
LP002517,0.03095856524427953,0.03599971200230398,0.16142857142857142,0.375
LP002519,0.05616573902288188,0.0,0.14285714285714285,0.75
LP002522,0.02906617192331478,0.0,0.13285714285714287,0.75
LP002524,0.06656771799628942,0.11155110759113927,0.23142857142857143,0.75
LP002527,0.20253555967841683,0.02433580531355749,0.21428571428571427,0.75
LP002529,0.08101422387136673,0.04199966400268798,0.32857142857142857,0.625
LP002530,0.033679653679653684,0.04492764057887537,0.18857142857142858,0.75
LP002531,0.20429189857761287,0.05399956800345597,0.12285714285714286,0.75
LP002533,0.03459492888064317,0.03847169222646219,0.0,0.75
LP002534,0.05194805194805195,0.0,0.22,0.75
LP002536,0.036425479282622145,0.0,0.16142857142857142,0.75
LP002537,0.023908472479901053,0.07559939520483837,0.18285714285714286,0.75
LP002541,0.13213358070500927,0.0,0.3342857142857143,0.75
LP002543,0.10121212121212121,0.0,0.3514285714285714,0.75
LP002544,0.022362399505256647,0.058463532291741664,0.18714285714285714,0.75
LP002545,0.042016079158936306,0.0,0.11428571428571428,0.75
LP002547,0.22489795918367347,0.0,0.7142857142857143,0.75
LP002555,0.05482993197278912,0.049991600067199465,0.22857142857142856,0.75
LP002556,0.02826221397649969,0.0,0.10714285714285714,0.75
LP002560,0.03152752009894867,0.06683946528427773,0.13714285714285715,0.75
LP002562,0.06410636982065554,0.027143782849737202,0.26571428571428574,0.75
LP002571,0.04379715522572666,0.0,0.15714285714285714,0.75
LP002582,0.21166357452071738,0.0,0.32142857142857145,0.75
LP002585,0.042634508348794065,0.051767585859313126,0.17,0.75
LP002586,0.039282622139765,0.021911824705402358,0.15,0.175
LP002587,0.0303030303030303,0.04079967360261118,0.15285714285714286,0.75
LP002588,0.05534941249226964,0.06856745146038831,0.15857142857142856,0.025
LP002600,0.0339517625231911,0.0,0.1357142857142857,0.75
LP002602,0.075856524427953,0.10598315213478292,0.2985714285714286,0.75
LP002603,0.006122448979591836,0.08839129286965704,0.16142857142857142,1.0
LP002606,0.03721706864564008,0.0,0.14285714285714285,0.75
LP002615,0.058317872603586896,0.1349749202006384,0.29714285714285715,0.75
LP002618,0.04823747680890539,0.1272469820241438,0.19714285714285715,0.75
LP002619,0.04531849103277675,0.03559171526627787,0.17714285714285713,0.625
LP002622,0.041558441558441565,0.10598315213478292,0.34714285714285714,0.75
LP002624,0.25581941867656155,0.16000671994624044,0.6857142857142857,0.75
LP002625,0.04246134817563389,0.0,0.13714285714285715,0.75
LP002626,0.028806431663574522,0.07231142150862793,0.26857142857142857,0.75
LP002634,0.1621768707482993,0.0,0.05714285714285714,0.75
LP002637,0.04264687693259123,0.030887752897976815,0.14285714285714285,0.75
LP002640,0.07316017316017316,0.04809561523507812,0.35714285714285715,0.75
LP002643,0.03875077303648733,0.04883960928312574,0.21142857142857144,0.75
LP002648,0.024489795918367346,0.1599827201382389,0.1,0.375
LP002652,0.07006802721088436,0.08798329613363093,0.4442857142857143,0.75
LP002659,0.04101422387136673,0.08227134182926536,0.21428571428571427,0.75
LP002670,0.02326530612244898,0.039167686658506735,0.16142857142857142,1.0
LP002682,0.036165739022881886,0.04319965440276478,0.1757142857142857,0.75
LP002683,0.05606679035250464,0.04595963232294142,0.2642857142857143,0.75
LP002684,0.04019789734075449,0.0,0.1357142857142857,0.75
LP002689,0.025256648113790973,0.04180766553867569,0.06428571428571428,0.75
LP002690,0.02906617192331478,0.0,0.07857142857142857,0.75
LP002692,0.06836116264687693,0.034175726594187245,0.14285714285714285,0.75
LP002693,0.09645021645021645,0.1719826241390069,0.6857142857142857,0.75
LP002697,0.056029684601113176,0.05008759929920561,0.0,0.75
LP002699,0.2145949288806432,0.0,0.5714285714285714,0.75
LP002705,0.0448361162646877,0.0,0.15714285714285714,0.75
LP002706,0.06351267779839208,0.03431972544219646,0.23,0.75
LP002714,0.03128014842300557,0.031247750017999856,0.13428571428571429,0.75
LP002716,0.08204081632653061,0.0,0.18571428571428572,0.75
LP002717,0.010822510822510824,0.13199894400844794,0.30857142857142855,0.75
LP002720,0.051094619666048245,0.0,0.14285714285714285,0.75
LP002723,0.04252319109461967,0.0,0.15714285714285714,0.75
LP002729,0.137291280148423,0.0,0.28,0.75
LP002731,0.2228200371057514,0.0,0.17857142857142858,0.75
LP002732,0.029684601113172542,0.049007607939136485,0.18,0.75
LP002734,0.07400123685837971,0.09374325005399957,0.46285714285714286,0.75
LP002738,0.042881880024737175,0.0,0.15285714285714286,0.75
LP002739,0.03422387136672851,0.01286389708882329,0.09428571428571429,0.75
LP002740,0.07751391465677179,0.0,0.22428571428571428,0.375
LP002741,0.055139146567718005,0.06827945376436989,0.2,0.375
LP002743,0.02458874458874459,0.0,0.14142857142857143,0.75
LP002753,0.043314780457637606,0.0,0.1357142857142857,0.75
LP002755,0.025837971552257265,0.060575515395876835,0.18285714285714286,0.75
LP002757,0.035460729746444035,0.01591187270501836,0.1457142857142857,0.75
LP002767,0.032380952380952385,0.04679962560299518,0.22142857142857142,0.75
LP002768,0.03967841682127397,0.0,0.11428571428571428,0.075
LP002772,0.02938775510204082,0.04279165766673867,0.20714285714285716,0.75
LP002776,0.05998763141620285,0.0,0.14714285714285713,0.75
LP002777,0.03259121830550402,0.048383612931096553,0.15714285714285714,0.75
LP002778,0.08018552875695732,0.0,0.0,0.75
LP002784,0.02896722325293754,0.05699954400364797,0.0,0.75
LP002785,0.03936920222634509,0.07799937600499196,0.2257142857142857,0.75
LP002788,0.02849721706864564,0.05599155206758346,0.25857142857142856,0.75
LP002789,0.042585034013605444,0.10238318093455252,0.18857142857142858,0.375
LP002792,0.0657761286332715,0.02476780185758514,0.037142857142857144,0.75
LP002794,0.031131725417439703,0.03899968800249598,0.12,0.75
LP002795,0.12354978354978355,0.0,0.37142857142857144,0.75
LP002798,0.04622139764996908,0.06405548755609955,0.23142857142857143,0.75
LP002804,0.04984539270253557,0.05534355725154199,0.26,0.75
LP002807,0.043599257884972174,0.0058079535363717094,0.15428571428571428,0.75
LP002813,0.23913419913419914,0.0,0.8571428571428571,0.75
LP002820,0.07140383426097711,0.04929560563515492,0.30142857142857143,0.75
LP002821,0.06988249845392702,0.0,0.18857142857142858,0.75
LP002832,0.10697588126159555,0.0,0.36857142857142855,0.75
LP002833,0.05339517625231911,0.0,0.17142857142857143,0.75
LP002836,0.03936920222634509,0.0,0.1,0.75
LP002837,0.04019789734075449,0.05999952000383997,0.1757142857142857,0.75
LP002840,0.027557204700061844,0.0,0.012857142857142857,0.75
LP002841,0.03730364873222017,0.04953560371517028,0.14857142857142858,0.75
LP002842,0.04040816326530613,0.04199966400268798,0.26571428571428574,0.75
LP002847,0.061422387136672855,0.03482372141022872,0.2357142857142857,0.75
LP002855,0.2042795299938157,0.0,0.39285714285714285,0.75
LP002862,0.07390228818800247,0.03899968800249598,0.2671428571428571,1.0
LP002863,0.0773778602350031,0.0,0.21428571428571427,0.75
LP002868,0.03721706864564008,0.01106391148870809,0.15428571428571428,0.175
LP002872,0.0363265306122449,0.053039575683394534,0.19428571428571428,0.75
LP002874,0.038082869511440944,0.06573547411620707,0.15714285714285714,0.75
LP002877,0.020185528756957328,0.05356757145942832,0.15285714285714286,0.75
LP002888,0.03750154607297465,0.07000743994048048,0.23,0.75
LP002892,0.0790352504638219,0.0,0.29285714285714287,0.75
LP002893,0.02085343228200371,0.8120815033479732,0.12857142857142856,0.75
LP002894,0.03730364873222017,0.0,0.05142857142857143,0.75
LP002898,0.02139764996907854,0.0,0.08714285714285715,0.75
LP002911,0.03261595547309833,0.04600763193894449,0.20857142857142857,0.75
LP002912,0.051119356833642556,0.07199942400460796,0.24571428571428572,0.175
LP002916,0.02655534941249227,0.036527707778337776,0.14857142857142858,0.75
LP002917,0.02492269635126778,0.0,0.1,0.75
LP002925,0.056895485466914045,0.0,0.13428571428571429,0.75
LP002926,0.03186147186147187,0.0,0.15142857142857144,0.75
LP002928,0.0352504638218924,0.08198334413324694,0.08,0.375
LP002931,0.07235621521335807,0.0,0.29285714285714287,0.5
LP002933,0.11387755102040817,0.0,0.41714285714285715,0.75
LP002936,0.04587507730364874,0.07919936640506876,0.20285714285714285,0.375
LP002938,0.19752628324056895,0.0,0.37142857142857144,0.75
LP002940,0.045553494124922704,0.0,0.15714285714285714,0.75
LP002941,0.07709338280766852,0.023999808001535988,0.2671428571428571,0.75
LP002943,0.03508967223252938,0.0,0.12571428571428572,0.75
LP002945,0.12137291280148423,0.0,0.2571428571428571,0.75
LP002948,0.06963512677798392,0.0,0.2742857142857143,0.75
LP002949,0.00329004329004329,1.0,0.5,0.375
LP002950,0.03393939393939394,0.06700746394028848,0.22142857142857142,0.75
LP002953,0.06868274582560296,0.0,0.18285714285714286,0.75
LP002958,0.04361162646876933,0.10322317421460628,0.24571428571428572,0.75
LP002959,0.14656771799628943,0.0,0.7085714285714285,0.75
LP002960,0.027829313543599257,0.09119927040583675,0.0,0.375
LP002961,0.04019789734075449,0.05999952000383997,0.24714285714285714,0.75
LP002964,0.047458256029684606,0.03386372909016728,0.22428571428571428,0.75
LP002974,0.03811997526283241,0.04679962560299518,0.15428571428571428,0.75
LP002978,0.034013605442176874,0.0,0.10142857142857142,0.75
LP002979,0.04893011750154608,0.0,0.05714285714285714,0.375
LP002983,0.09798392084106369,0.005759953920368637,0.36142857142857143,0.75
LP002984,0.0919356833642548,0.0,0.2671428571428571,0.75
LP002990,0.05482993197278912,0.0,0.19,0.75
